Pokemon,HP,Atk,Def,SpA,SpD,Spe,Total,Type I,Type II,Generation
Bulbasaur,45,49,49,65,65,45,318,Grass,Poison,1
Ivysaur,60,62,63,80,80,60,405,Grass,Poison,1
Venusaur,80,82,83,100,100,80,525,Grass,Poison,1
Charmander,39,52,43,60,50,65,309,Fire,,1
Charmeleon,58,64,58,80,65,80,405,Fire,,1
Charizard,78,84,78,109,85,100,534,Fire,Flying,1
Squirtle,44,48,65,50,64,43,314,Water,,1
Wartortle,59,63,80,65,80,58,405,Water,,1
Blastoise,79,83,100,85,105,78,530,Water,,1
Caterpie,45,30,35,20,20,45,195,Bug,,1
Metapod,50,20,55,25,25,30,205,Bug,,1
Butterfree,60,45,50,90,80,70,395,Bug,Flying,1
Weedle,40,35,30,20,20,50,195,Bug,Poison,1
Kakuna,45,25,50,25,25,35,205,Bug,Poison,1
Beedrill,65,90,40,45,80,75,395,Bug,Poison,1
Pidgey,40,45,40,35,35,56,251,Normal,Flying,1
Pidgeotto,63,60,55,50,50,71,349,Normal,Flying,1
Pidgeot,83,80,75,70,70,101,479,Normal,Flying,1
Rattata,30,56,35,25,35,72,253,Normal,,1
Raticate,55,81,60,50,70,97,413,Normal,,1
Spearow,40,60,30,31,31,70,262,Normal,Flying,1
Fearow,65,90,65,61,61,100,442,Normal,Flying,1
Ekans,35,60,44,40,54,55,288,Poison,,1
Arbok,60,95,69,65,79,80,448,Poison,,1
Pikachu,35,55,40,50,50,90,320,Electric,,1
Raichu,60,90,55,90,80,110,485,Electric,,1
Sandshrew,50,75,85,20,30,40,300,Ground,,1
Sandslash,75,100,110,45,55,65,450,Ground,,1
Nidoran Female,55,47,52,40,40,41,275,Poison,,1
Nidorina,70,62,67,55,55,56,365,Poison,,1
Nidoqueen,90,92,87,75,85,76,505,Poison,Ground,1
Nidoran Male,46,57,40,40,40,50,273,Poison,,1
Nidorino,61,72,57,55,55,65,365,Poison,,1
Nidoking,81,102,77,85,75,85,505,Poison,Ground,1
Clefairy,70,45,48,60,65,35,323,Fairy,,1
Clefable,95,70,73,95,90,60,483,Fairy,,1
Vulpix,38,41,40,50,65,65,299,Fire,,1
Ninetales,73,76,75,81,100,100,505,Fire,,1
Jigglypuff,115,45,20,45,25,20,270,Normal,Fairy,1
Wigglytuff,140,70,45,85,50,45,435,Normal,Fairy,1
Zubat,40,45,35,30,40,55,245,Poison,Flying,1
Golbat,75,80,70,65,75,90,455,Poison,Flying,1
Oddish,45,50,55,75,65,30,320,Grass,Poison,1
Gloom,60,65,70,85,75,40,395,Grass,Poison,1
Vileplume,75,80,85,110,90,50,490,Grass,Poison,1
Paras,35,70,55,45,55,25,285,Bug,Grass,1
Parasect,60,95,80,60,80,30,405,Bug,Grass,1
Venonat,60,55,50,40,55,45,305,Bug,Poison,1
Venomoth,70,65,60,90,75,90,450,Bug,Poison,1
Diglett,10,55,25,35,45,95,265,Ground,,1
Dugtrio,35,100,50,50,70,120,425,Ground,,1
Meowth,40,45,35,40,40,90,290,Normal,,1
Persian,65,70,60,65,65,115,440,Normal,,1
Psyduck,50,52,48,65,50,55,320,Water,,1
Golduck,80,82,78,95,80,85,500,Water,,1
Mankey,40,80,35,35,45,70,305,Fighting,,1
Primeape,65,105,60,60,70,95,455,Fighting,,1
Growlithe,55,70,45,70,50,60,350,Fire,,1
Arcanine,90,110,80,100,80,95,555,Fire,,1
Poliwag,40,50,40,40,40,90,300,Water,,1
Poliwhirl,65,65,65,50,50,90,385,Water,,1
Poliwrath,90,95,95,70,90,70,510,Water,Fighting,1
Abra,25,20,15,105,55,90,310,Psychic,,1
Kadabra,40,35,30,120,70,105,400,Psychic,,1
Alakazam,55,50,45,135,95,120,500,Psychic,,1
Machop,70,80,50,35,35,35,305,Fighting,,1
Machoke,80,100,70,50,60,45,405,Fighting,,1
Machamp,90,130,80,65,85,55,505,Fighting,,1
Bellsprout,50,75,35,70,30,40,300,Grass,Poison,1
Weepinbell,65,90,50,85,45,55,390,Grass,Poison,1
Victreebel,80,105,65,100,70,70,490,Grass,Poison,1
Tentacool,40,40,35,50,100,70,335,Water,Poison,1
Tentacruel,80,70,65,80,120,100,515,Water,Poison,1
Geodude,40,80,100,30,30,20,300,Rock,Ground,1
Graveler,55,95,115,45,45,35,390,Rock,Ground,1
Golem,80,120,130,55,65,45,495,Rock,Ground,1
Ponyta,50,85,55,65,65,90,410,Fire,,1
Rapidash,65,100,70,80,80,105,500,Fire,,1
Slowpoke,90,65,65,40,40,15,315,Water,Psychic,1
Slowbro,95,75,110,100,80,30,490,Water,Psychic,1
Magnemite,25,35,70,95,55,45,325,Electric,Steel,1
Magneton,50,60,95,120,70,70,465,Electric,Steel,1
Farfetch'd,52,90,55,58,62,60,377,Normal,Flying,1
Doduo,35,85,45,35,35,75,310,Normal,Flying,1
Dodrio,60,110,70,60,60,110,470,Normal,Flying,1
Seel,65,45,55,45,70,45,325,Water,,1
Dewgong,90,70,80,70,95,70,475,Water,Ice,1
Grimer,80,80,50,40,50,25,325,Poison,,1
Muk,105,105,75,65,100,50,500,Poison,,1
Shellder,30,65,100,45,25,40,305,Water,,1
Cloyster,50,95,180,85,45,70,525,Water,Ice,1
Gastly,30,35,30,100,35,80,310,Ghost,Poison,1
Haunter,45,50,45,115,55,95,405,Ghost,Poison,1
Gengar,60,65,60,130,75,110,500,Ghost,Poison,1
Onix,35,45,160,30,45,70,385,Rock,Ground,1
Drowzee,60,48,45,43,90,42,328,Psychic,,1
Hypno,85,73,70,73,115,67,483,Psychic,,1
Krabby,30,105,90,25,25,50,325,Water,,1
Kingler,55,130,115,50,50,75,475,Water,,1
Voltorb,40,30,50,55,55,100,330,Electric,,1
Electrode,60,50,70,80,80,150,490,Electric,,1
Exeggcute,60,40,80,60,45,40,325,Grass,Psychic,1
Exeggutor,95,95,85,125,75,55,530,Grass,Psychic,1
Cubone,50,50,95,40,50,35,320,Ground,,1
Marowak,60,80,110,50,80,45,425,Ground,,1
Hitmonlee,50,120,53,35,110,87,455,Fighting,,1
Hitmonchan,50,105,79,35,110,76,455,Fighting,,1
Lickitung,90,55,75,60,75,30,385,Normal,,1
Koffing,40,65,95,60,45,35,340,Poison,,1
Weezing,65,90,120,85,70,60,490,Poison,,1
Rhyhorn,80,85,95,30,30,25,345,Ground,Rock,1
Rhydon,105,130,120,45,45,40,485,Ground,Rock,1
Chansey,250,5,5,35,105,50,450,Normal,,1
Tangela,65,55,115,100,40,60,435,Grass,,1
Kangaskhan,105,95,80,40,80,90,490,Normal,,1
Horsea,30,40,70,70,25,60,295,Water,,1
Seadra,55,65,95,95,45,85,440,Water,,1
Goldeen,45,67,60,35,50,63,320,Water,,1
Seaking,80,92,65,65,80,68,450,Water,,1
Staryu,30,45,55,70,55,85,340,Water,,1
Starmie,60,75,85,100,85,115,520,Water,Psychic,1
Mr. Mime,40,45,65,100,120,90,460,Psychic,Fairy,1
Scyther,70,110,80,55,80,105,500,Bug,Flying,1
Jynx,65,50,35,115,95,95,455,Ice,Psychic,1
Electabuzz,65,83,57,95,85,105,490,Electric,,1
Magmar,65,95,57,100,85,93,495,Fire,,1
Pinsir,65,125,100,55,70,85,500,Bug,,1
Tauros,75,100,95,40,70,110,490,Normal,,1
Magikarp,20,10,55,15,20,80,200,Water,,1
Gyarados,95,125,79,60,100,81,540,Water,Flying,1
Lapras,130,85,80,85,95,60,535,Water,Ice,1
Ditto,48,48,48,48,48,48,288,Normal,,1
Eevee,55,55,50,45,65,55,325,Normal,,1
Vaporeon,130,65,60,110,95,65,525,Water,,1
Jolteon,65,65,60,110,95,130,525,Electric,,1
Flareon,65,130,60,95,110,65,525,Fire,,1
Porygon,65,60,70,85,75,40,395,Normal,,1
Omanyte,35,40,100,90,55,35,355,Rock,Water,1
Omastar,70,60,125,115,70,55,495,Rock,Water,1
Kabuto,30,80,90,55,45,55,355,Rock,Water,1
Kabutops,60,115,105,65,70,80,495,Rock,Water,1
Aerodactyl,80,105,65,60,75,130,515,Rock,Flying,1
Snorlax,160,110,65,65,110,30,540,Normal,,1
Articuno,90,85,100,95,125,85,580,Ice,Flying,1
Zapdos,90,90,85,125,90,100,580,Electric,Flying,1
Moltres,90,100,90,125,85,90,580,Fire,Flying,1
Dratini,41,64,45,50,50,50,300,Dragon,,1
Dragonair,61,84,65,70,70,70,420,Dragon,,1
Dragonite,91,134,95,100,100,80,600,Dragon,Flying,1
Mewtwo,106,110,90,154,90,130,680,Psychic,,1
Mew,100,100,100,100,100,100,600,Psychic,,1
Partner Pikachu,45,80,50,75,60,120,430,Electric,,1
Partner Eevee,65,75,70,65,85,75,435,Normal,,1
Alolan Rattata,30,56,35,25,35,72,253,Dark,Normal,1
Alolan Raticate,75,71,70,40,80,77,413,Dark,Normal,1
Alolan Raichu,60,85,50,95,85,110,485,Electric,Psychic,1
Alolan Sandshrew,50,75,90,10,35,40,300,Ice,Steel,1
Alolan Sandslash,75,100,120,25,65,65,450,Ice,Steel,1
Alolan Vulpix,38,41,40,50,65,65,299,Ice,Fairy,1
Alolan Ninetales,73,67,75,81,100,109,505,Ice,Fairy,1
Alolan Diglett,10,55,30,35,45,90,265,Ground,Steel,1
Alolan Dugtrio,35,100,60,50,70,110,425,Ground,Steel,1
Alolan Meowth,40,35,35,50,40,90,290,Dark,,1
Galarian Meowth,50,65,55,40,40,40,290,Steel,,1
Alolan Persian,65,60,60,75,65,115,440,Dark,,1
Hisuian Growlithe,60,75,45,65,50,55,350,Fire,Rock,1
Hisuian Arcanine,95,115,80,95,80,90,555,Fire,Rock,1
Alolan Geodude,40,80,100,30,30,20,300,Rock,Electric,1
Alolan Graveler,55,95,115,45,45,35,390,Rock,Electric,1
Alolan Golem,80,120,130,55,65,45,495,Rock,Electric,1
Galarian Ponyta,50,85,55,65,65,90,410,Psychic,Fairy,1
Galarian Rapidash,65,100,70,80,80,105,500,Psychic,Fairy,1
G. Slowpoke,90,65,65,40,40,15,315,Psychic,,1
G. Slowbro,95,100,95,100,70,30,490,Poison,Psychic,1
G. Farfetch'd,52,95,55,58,62,55,377,Fighting,,1
Alolan Grimer,80,80,50,40,50,25,325,Poison,Dark,1
Alolan Muk,105,105,75,65,100,50,500,Poison,Dark,1
Hisuian Voltorb,40,30,50,55,55,100,330,Electric,Grass,1
H. Electrode,60,50,70,80,80,150,490,Electric,Grass,1
A. Exeggutor,95,105,85,125,75,45,530,Grass,,1
A. Marowak,60,80,110,50,80,45,425,Ghost,Fire,1
G. Weezing,65,90,120,85,70,60,490,Poison,Fairy,1
G. Mr. Mime,50,65,65,90,90,100,460,Ice,Fairy,1
P. Tauros,75,110,105,30,70,100,490,Fighting,,1
P. Tauros F,75,110,105,30,70,100,490,Fighting,Fire,1
P. Tauros W,75,110,105,30,70,100,490,Fighting,Water,1
G. Articuno,90,85,85,125,100,95,580,Psychic,Flying,1
G. Zapdos,90,125,90,85,90,100,580,Fighting,Flying,1
G. Moltres,90,85,90,100,125,90,580,Dark,Flying,1
Mega Venusaur,80,100,123,122,120,80,625,Grass,Poison,1
Mega Charizard X,78,130,111,130,85,100,634,Fire,Dragon,1
Mega Charizard Y,78,104,78,159,115,100,634,Fire,Flying,1
Mega Blastoise,79,103,120,135,115,78,630,Water,,1
Mega Beedrill,65,150,40,15,80,145,495,Bug,Poison,1
Mega Pidgeot,83,80,80,135,80,121,579,Normal,Flying,1
Mega Alakazam,55,50,65,175,105,150,600,Psychic,,1
Mega Slowbro,95,75,180,130,80,30,590,Water,Psychic,1
Mega Gengar,60,65,80,170,95,130,600,Ghost,Poison,1
Mega Kangaskhan,105,125,100,60,100,100,590,Normal,,1
Mega Pinsir,65,155,120,65,90,105,600,Bug,Flying,1
Mega Gyarados,95,155,109,70,130,81,640,Water,Dark,1
Mega Aerodactyl,80,135,85,70,95,150,615,Rock,Flying,1
Mega Mewtwo X,106,190,100,154,100,130,780,Psychic,Fighting,1
Mega Mewtwo Y,106,150,70,194,120,140,780,Psychic,,1
Chikorita,45,49,65,49,65,45,318,Grass,,2
Bayleef,60,62,80,63,80,60,405,Grass,,2
Meganium,80,82,100,83,100,80,525,Grass,,2
Cyndaquil,39,52,43,60,50,65,309,Fire,,2
Quilava,58,64,58,80,65,80,405,Fire,,2
Typhlosion,78,84,78,109,85,100,534,Fire,,2
Totodile,50,65,64,44,48,43,314,Water,,2
Croconaw,65,80,80,59,63,58,405,Water,,2
Feraligatr,85,105,100,79,83,78,530,Water,,2
Sentret,35,46,34,35,45,20,215,Normal,,2
Furret,85,76,64,45,55,90,415,Normal,,2
Hoothoot,60,30,30,36,56,50,262,Normal,Flying,2
Noctowl,100,50,50,86,96,70,452,Normal,Flying,2
Ledyba,40,20,30,40,80,55,265,Bug,Flying,2
Ledian,55,35,50,55,110,85,390,Bug,Flying,2
Spinarak,40,60,40,40,40,30,250,Bug,Poison,2
Ariados,70,90,70,60,70,40,400,Bug,Poison,2
Crobat,85,90,80,70,80,130,535,Poison,Flying,2
Chinchou,75,38,38,56,56,67,330,Water,Electric,2
Lanturn,125,58,58,76,76,67,460,Water,Electric,2
Pichu,20,40,15,35,35,60,205,Electric,,2
Cleffa,50,25,28,45,55,15,218,Fairy,,2
Igglybuff,90,30,15,40,20,15,210,Normal,Fairy,2
Togepi,35,20,65,40,65,20,245,Fairy,,2
Togetic,55,40,85,80,105,40,405,Fairy,Flying,2
Natu,40,50,45,70,45,70,320,Psychic,Flying,2
Xatu,65,75,70,95,70,95,470,Psychic,Flying,2
Mareep,55,40,40,65,45,35,280,Electric,,2
Flaaffy,70,55,55,80,60,45,365,Electric,,2
Ampharos,90,75,85,115,90,55,510,Electric,,2
Bellossom,75,80,95,90,100,50,490,Grass,,2
Marill,70,20,50,20,50,40,250,Water,Fairy,2
Azumarill,100,50,80,60,80,50,420,Water,Fairy,2
Sudowoodo,70,100,115,30,65,30,410,Rock,,2
Politoed,90,75,75,90,100,70,500,Water,,2
Hoppip,35,35,40,35,55,50,250,Grass,Flying,2
Skiploom,55,45,50,45,65,80,340,Grass,Flying,2
Jumpluff,75,55,70,55,95,110,460,Grass,Flying,2
Aipom,55,70,55,40,55,85,360,Normal,,2
Sunkern,30,30,30,30,30,30,180,Grass,,2
Sunflora,75,75,55,105,85,30,425,Grass,,2
Yanma,65,65,45,75,45,95,390,Bug,Flying,2
Wooper,55,45,45,25,25,15,210,Water,Ground,2
Quagsire,95,85,85,65,65,35,430,Water,Ground,2
Espeon,65,65,60,130,95,110,525,Psychic,,2
Umbreon,95,65,110,60,130,65,525,Dark,,2
Murkrow,60,85,42,85,42,91,405,Dark,Flying,2
Slowking,95,75,80,100,110,30,490,Water,Psychic,2
Misdreavus,60,60,60,85,85,85,435,Ghost,,2
Unown,48,72,48,72,48,48,336,Psychic,,2
Wobbuffet,190,33,58,33,58,33,405,Psychic,,2
Girafarig,70,80,65,90,65,85,455,Normal,Psychic,2
Pineco,50,65,90,35,35,15,290,Bug,,2
Forretress,75,90,140,60,60,40,465,Bug,Steel,2
Dunsparce,100,70,70,65,65,45,415,Normal,,2
Gligar,65,75,105,35,65,85,430,Ground,Flying,2
Steelix,75,85,200,55,65,30,510,Steel,Ground,2
Snubbull,60,80,50,40,40,30,300,Fairy,,2
Granbull,90,120,75,60,60,45,450,Fairy,,2
Qwilfish,65,95,85,55,55,85,440,Water,Poison,2
Scizor,70,130,100,55,80,65,500,Bug,Steel,2
Shuckle,20,10,230,10,230,5,505,Bug,Rock,2
Heracross,80,125,75,40,95,85,500,Bug,Fighting,2
Sneasel,55,95,55,35,75,115,430,Dark,Ice,2
Teddiursa,60,80,50,50,50,40,330,Normal,,2
Ursaring,90,130,75,75,75,55,500,Normal,,2
Slugma,40,40,40,70,40,20,250,Fire,,2
Magcargo,60,50,120,90,80,30,430,Fire,Rock,2
Swinub,50,50,40,30,30,50,250,Ice,Ground,2
Piloswine,100,100,80,60,60,50,450,Ice,Ground,2
Corsola,65,55,95,65,95,35,410,Water,Rock,2
Remoraid,35,65,35,65,35,65,300,Water,,2
Octillery,75,105,75,105,75,45,480,Water,,2
Delibird,45,55,45,65,45,75,330,Ice,Flying,2
Mantine,85,40,70,80,140,70,485,Water,Flying,2
Skarmory,65,80,140,40,70,70,465,Steel,Flying,2
Houndour,45,60,30,80,50,65,330,Dark,Fire,2
Houndoom,75,90,50,110,80,95,500,Dark,Fire,2
Kingdra,75,95,95,95,95,85,540,Water,Dragon,2
Phanpy,90,60,60,40,40,40,330,Ground,,2
Donphan,90,120,120,60,60,50,500,Ground,,2
Porygon2,85,80,90,105,95,60,515,Normal,,2
Stantler,73,95,62,85,65,85,465,Normal,,2
Smeargle,55,20,35,20,45,75,250,Normal,,2
Tyrogue,35,35,35,35,35,35,210,Fighting,,2
Hitmontop,50,95,95,35,110,70,455,Fighting,,2
Smoochum,45,30,15,85,65,65,305,Ice,Psychic,2
Elekid,45,63,37,65,55,95,360,Electric,,2
Magby,45,75,37,70,55,83,365,Fire,,2
Miltank,95,80,105,40,70,100,490,Normal,,2
Blissey,255,10,10,75,135,55,540,Normal,,2
Raikou,90,85,75,115,100,115,580,Electric,,2
Entei,115,115,85,90,75,100,580,Fire,,2
Suicune,100,75,115,90,115,85,580,Water,,2
Larvitar,50,64,50,45,50,41,300,Rock,Ground,2
Pupitar,70,84,70,65,70,51,410,Rock,Ground,2
Tyranitar,100,134,110,95,100,61,600,Rock,Dark,2
Lugia,106,90,130,90,154,110,680,Psychic,Flying,2
Ho-oh,106,130,90,110,154,90,680,Fire,Flying,2
Celebi,100,100,100,100,100,100,600,Psychic,Grass,2
H. Typhlosion,73,84,78,119,85,95,534,Ghost,Fire,2
P. Wooper,55,45,45,25,25,15,,Poison,Ground,2
G. Slowking,95,65,80,110,110,30,490,Poison,Psychic,2
H. Qwilfish,65,95,85,55,55,85,440,Poison,Dark,2
H. Sneasel,55,95,55,35,75,115,430,Poison,Fighting,2
Mega Ampharos,90,95,105,165,110,45,610,Electric,Dragon,2
Mega Steelix,75,125,230,55,95,30,610,Steel,Ground,2
Mega Scizor,70,150,140,65,100,75,600,Bug,Steel,2
Mega Heracross,80,185,115,40,105,75,600,Bug,Fighting,2
Mega Houndoom,75,90,90,140,90,115,600,Dark,Fire,2
Mega Tyranitar,100,164,150,95,120,71,700,Rock,Dark,2
Treecko,40,45,35,65,55,70,310,Grass,,3
Grovyle,50,65,45,85,65,95,405,Grass,,3
Sceptile,70,85,65,105,85,120,530,Grass,,3
Torchic,45,60,40,70,50,45,310,Fire,,3
Combusken,60,85,60,85,60,55,405,Fire,Fighting,3
Blaziken,80,120,70,110,70,80,530,Fire,Fighting,3
Mudkip,50,70,50,50,50,40,310,Water,,3
Marshtomp,70,85,70,60,70,50,405,Water,Ground,3
Swampert,100,110,90,85,90,60,535,Water,Ground,3
Poochyena,35,55,35,30,30,35,220,Dark,,3
Mightyena,70,90,70,60,60,70,420,Dark,,3
Zigzagoon,38,30,41,30,41,60,240,Normal,,3
Linoone,78,70,61,50,61,100,420,Normal,,3
Wurmple,45,45,35,20,30,20,195,Bug,,3
Silcoon,50,35,55,25,25,15,205,Bug,,3
Beautifly,60,70,50,100,50,65,395,Bug,Flying,3
Cascoon,50,35,55,25,25,15,205,Bug,,3
Dustox,60,50,70,50,90,65,385,Bug,Poison,3
Lotad,40,30,30,40,50,30,220,Water,Grass,3
Lombre,60,50,50,60,70,50,340,Water,Grass,3
Ludicolo,80,70,70,90,100,70,480,Water,Grass,3
Seedot,40,40,50,30,30,30,220,Grass,,3
Nuzleaf,70,70,40,60,40,60,340,Grass,Dark,3
Shiftry,90,100,60,90,60,80,480,Grass,Dark,3
Taillow,40,55,30,30,30,85,270,Normal,Flying,3
Swellow,60,85,60,75,50,125,455,Normal,Flying,3
Wingull,40,30,30,55,30,85,270,Water,Flying,3
Pelipper,60,50,100,95,70,65,440,Water,Flying,3
Ralts,28,25,25,45,35,40,198,Psychic,Fairy,3
Kirlia,38,35,35,65,55,50,278,Psychic,Fairy,3
Gardevoir,68,65,65,125,115,80,518,Psychic,Fairy,3
Surskit,40,30,32,50,52,65,269,Bug,Water,3
Masquerain,70,60,62,100,82,80,454,Bug,Flying,3
Shroomish,60,40,60,40,60,35,295,Grass,,3
Breloom,60,130,80,60,60,70,460,Grass,Fighting,3
Slakoth,60,60,60,35,35,30,280,Normal,,3
Vigoroth,80,80,80,55,55,90,440,Normal,,3
Slaking,150,160,100,95,65,100,670,Normal,,3
Nincada,31,45,90,30,30,40,266,Bug,Ground,3
Ninjask,61,90,45,50,50,160,456,Bug,Flying,3
Shedinja,1,90,45,30,30,40,236,Bug,Ghost,3
Whismur,64,51,23,51,23,28,240,Normal,,3
Loudred,84,71,43,71,43,48,360,Normal,,3
Exploud,104,91,63,91,73,68,490,Normal,,3
Makuhita,72,60,30,20,30,25,237,Fighting,,3
Hariyama,144,120,60,40,60,50,474,Fighting,,3
Azurill,50,20,40,20,40,20,190,Normal,Fairy,3
Nosepass,30,45,135,45,90,30,375,Rock,,3
Skitty,50,45,45,35,35,50,260,Normal,,3
Delcatty,70,65,65,55,55,90,400,Normal,,3
Sableye,50,75,75,65,65,50,380,Dark,Ghost,3
Mawile,50,85,85,55,55,50,380,Steel,Fairy,3
Aron,50,70,100,40,40,30,330,Steel,Rock,3
Lairon,60,90,140,50,50,40,430,Steel,Rock,3
Aggron,70,110,180,60,60,50,530,Steel,Rock,3
Meditite,30,40,55,40,55,60,280,Fighting,Psychic,3
Medicham,60,60,75,60,75,80,410,Fighting,Psychic,3
Electrike,40,45,40,65,40,65,295,Electric,,3
Manectric,70,75,60,105,60,105,475,Electric,,3
Plusle,60,50,40,85,75,95,405,Electric,,3
Minun,60,40,50,75,85,95,405,Electric,,3
Volbeat,65,73,75,47,85,85,430,Bug,,3
Illumise,65,47,75,73,85,85,430,Bug,,3
Roselia,50,60,45,100,80,65,400,Grass,Poison,3
Gulpin,70,43,53,43,53,40,302,Poison,,3
Swalot,100,73,83,73,83,55,467,Poison,,3
Carvanha,45,90,20,65,20,65,305,Water,Dark,3
Sharpedo,70,120,40,95,40,95,460,Water,Dark,3
Wailmer,130,70,35,70,35,60,400,Water,,3
Wailord,170,90,45,90,45,60,500,Water,,3
Numel,60,60,40,65,45,35,305,Fire,Ground,3
Camerupt,70,100,70,105,75,40,460,Fire,Ground,3
Torkoal,70,85,140,85,70,20,470,Fire,,3
Spoink,60,25,35,70,80,60,330,Psychic,,3
Grumpig,80,45,65,90,110,80,470,Psychic,,3
Spinda,60,60,60,60,60,60,360,Normal,,3
Trapinch,45,100,45,45,45,10,290,Ground,,3
Vibrava,50,70,50,50,50,70,340,Ground,Dragon,3
Flygon,80,100,80,80,80,100,520,Ground,Dragon,3
Cacnea,50,85,40,85,40,35,335,Grass,,3
Cacturne,70,115,60,115,60,55,475,Grass,Dark,3
Swablu,45,40,60,40,75,50,310,Normal,Flying,3
Altaria,75,70,90,70,105,80,490,Dragon,Flying,3
Zangoose,73,115,60,60,60,90,458,Normal,,3
Seviper,73,100,60,100,60,65,458,Poison,,3
Lunatone,90,55,65,95,85,70,460,Rock,Psychic,3
Solrock,90,95,85,55,65,70,460,Rock,Psychic,3
Barboach,50,48,43,46,41,60,288,Water,Ground,3
Whiscash,110,78,73,76,71,60,468,Water,Ground,3
Corphish,43,80,65,50,35,35,308,Water,,3
Crawdaunt,63,120,85,90,55,55,468,Water,Dark,3
Baltoy,40,40,55,40,70,55,300,Ground,Psychic,3
Claydol,60,70,105,70,120,75,500,Ground,Psychic,3
Lileep,66,41,77,61,87,23,355,Rock,Grass,3
Cradily,86,81,97,81,107,43,495,Rock,Grass,3
Anorith,45,95,50,40,50,75,355,Rock,Bug,3
Armaldo,75,125,100,70,80,45,495,Rock,Bug,3
Feebas,20,15,20,10,55,80,200,Water,,3
Milotic,95,60,79,100,125,81,540,Water,,3
Castform,70,70,70,70,70,70,420,Normal,,3
Kecleon,60,90,70,60,120,40,440,Normal,,3
Shuppet,44,75,35,63,33,45,295,Ghost,,3
Banette,64,115,65,83,63,65,455,Ghost,,3
Duskull,20,40,90,30,90,25,295,Ghost,,3
Dusclops,40,70,130,60,130,25,455,Ghost,,3
Tropius,99,68,83,72,87,51,460,Grass,Flying,3
Chimecho,75,50,80,95,90,65,455,Psychic,,3
Absol,65,130,60,75,60,75,465,Dark,,3
Wynaut,95,23,48,23,48,23,260,Psychic,,3
Snorunt,50,50,50,50,50,50,300,Ice,,3
Glalie,80,80,80,80,80,80,480,Ice,,3
Spheal,70,40,50,55,50,25,290,Ice,Water,3
Sealeo,90,60,70,75,70,45,410,Ice,Water,3
Walrein,110,80,90,95,90,65,530,Ice,Water,3
Clamperl,35,64,85,74,55,32,345,Water,,3
Huntail,55,104,105,94,75,52,485,Water,,3
Gorebyss,55,84,105,114,75,52,485,Water,,3
Relicanth,100,90,130,45,65,55,485,Water,Rock,3
Luvdisc,43,30,55,40,65,97,330,Water,,3
Bagon,45,75,60,40,30,50,300,Dragon,,3
Shelgon,65,95,100,60,50,50,420,Dragon,,3
Salamence,95,135,80,110,80,100,600,Dragon,Flying,3
Beldum,40,55,80,35,60,30,300,Steel,Psychic,3
Metang,60,75,100,55,80,50,420,Steel,Psychic,3
Metagross,80,135,130,95,90,70,600,Steel,Psychic,3
Regirock,80,100,200,50,100,50,580,Rock,,3
Regice,80,50,100,100,200,50,580,Ice,,3
Registeel,80,75,150,75,150,50,580,Steel,,3
Latias,80,80,90,110,130,110,600,Dragon,Psychic,3
Latios,80,90,80,130,110,110,600,Dragon,Psychic,3
Kyogre,100,100,90,150,140,90,670,Water,,3
Groudon,100,150,140,100,90,90,670,Ground,,3
Rayquaza,105,150,90,150,90,95,680,Dragon,Flying,3
Jirachi,100,100,100,100,100,100,600,Steel,Psychic,3
Deoxys (N),50,150,50,150,50,150,600,Psychic,,3
Sun Castform,70,70,70,70,70,70,420,Fire,,3
Rain Castform,70,70,70,70,70,70,420,Water,,3
Hail Castform,70,70,70,70,70,70,420,Ice,,3
Primal Kyogre,100,150,90,180,160,90,770,Water,,3
Primal Groudon,100,180,160,150,90,90,770,Fire,Ground,3
Deoxys (A),50,180,20,180,20,150,600,Psychic,,3
Deoxys (D),50,70,160,70,160,90,600,Psychic,,3
Deoxys (S),50,95,90,95,90,180,600,Psychic,,3
G. Zigzagoon,38,30,41,30,41,60,240,Dark,Normal,3
G. Linoone,78,70,61,50,61,100,420,Dark,Normal,3
Mega Sceptile,70,110,75,145,85,145,630,Grass,Dragon,3
Mega Blaziken,80,160,80,130,80,100,630,Fire,Fighting,3
Mega Swampert,100,150,110,95,110,70,635,Water,Ground,3
Mega Gardevoir,68,85,65,165,135,100,618,Psychic,Fairy,3
Mega Sableye,50,85,125,85,115,20,480,Dark,Ghost,3
Mega Mawile,50,105,125,55,95,50,480,Steel,Fairy,3
Mega Aggron,70,140,230,60,80,50,630,Steel,,3
Mega Medicham,60,100,85,80,85,100,510,Fighting,Psychic,3
Mega Manectric,70,75,80,135,80,135,575,Electric,,3
Mega Sharpedo,70,140,70,110,65,105,560,Water,Dark,3
Mega Camerupt,70,120,100,145,105,20,560,Fire,Ground,3
Mega Altaria,75,110,110,110,105,80,590,Dragon,Fairy,3
Mega Banette,64,165,75,93,83,75,555,Ghost,,3
Mega Absol,65,150,60,115,60,115,565,Dark,,3
Mega Glalie,80,120,80,120,80,100,580,Ice,,3
Mega Salamence,95,145,130,120,90,120,700,Dragon,Flying,3
Mega Metagross,80,145,150,105,110,110,700,Steel,Psychic,3
Mega Latias,80,100,120,140,150,110,700,Dragon,Psychic,3
Mega Latios,80,130,100,160,120,110,700,Dragon,Psychic,3
Mega Rayquaza,105,180,100,180,100,115,780,Dragon,Flying,3
Turtwig,55,68,64,45,55,31,318,Grass,,4
Grotle,75,89,85,55,65,36,405,Grass,,4
Torterra,95,109,105,75,85,56,525,Grass,,4
Chimchar,44,58,44,58,44,61,309,Fire,,4
Monferno,64,78,52,78,52,81,405,Fire,,4
Infernape,76,104,71,104,71,108,534,Fire,,4
Piplup,53,51,53,61,56,40,314,Water,,4
Prinplup,64,66,68,81,76,50,405,Water,,4
Empoleon,84,86,88,111,101,60,530,Water,,4
Starly,40,55,30,30,30,60,245,Normal,,4
Staravia,55,75,50,40,40,80,340,Normal,,4
Staraptor,85,120,70,50,60,100,485,Normal,,4
Bidoof,59,45,40,35,40,31,250,Normal,,4
Bibarel,79,85,60,55,60,71,410,Normal,,4
Kricketot,37,25,41,25,41,25,194,Bug,,4
Kricketune,77,85,51,55,51,65,384,Bug,,4
Shinx,45,65,34,40,34,45,263,Electric,,4
Luxio,60,85,49,60,49,60,363,Electric,,4
Luxray,80,120,79,95,79,70,523,Electric,,4
Budew,40,30,35,50,70,55,280,Grass,,4
Roserade,60,70,65,125,105,90,515,Grass,,4
Cranidos,67,125,40,30,30,58,350,Rock,,4
Rampardos,97,165,60,65,50,58,495,Rock,,4
Shieldon,30,42,118,42,88,30,350,Rock,,4
Bastiodon,60,52,168,47,138,30,495,Rock,,4
Burmy,40,29,45,29,45,36,224,Bug,,4
Wormadam (P),60,59,85,79,105,36,424,Bug,,4
Mothim,70,94,50,94,50,66,424,Bug,,4
Combee,30,30,42,30,42,70,244,Bug,,4
Vespiquen,70,80,102,80,102,40,474,Bug,,4
Pachirisu,60,45,70,45,90,95,405,Electric,,4
Buizel,55,65,35,60,30,85,330,Water,,4
Floatzel,85,105,55,85,50,115,495,Water,,4
Cherubi,45,35,45,62,53,35,275,Grass,,4
Cherrim,70,60,70,87,78,85,450,Grass,,4
Shellos,76,48,48,57,62,34,325,Water,,4
Gastrodon,111,83,68,92,82,39,475,Water,,4
Ambipom,75,100,66,60,66,115,482,Normal,,4
Drifloon,90,50,34,60,44,70,348,Ghost,,4
Drifblim,150,80,44,90,54,80,498,Ghost,,4
Buneary,55,66,44,44,56,85,350,Normal,,4
Lopunny,65,76,84,54,96,105,480,Normal,,4
Mismagius,60,60,60,105,105,105,495,Ghost,,4
Honchkrow,100,125,52,105,52,71,505,Dark,,4
Glameow,49,55,42,42,37,85,310,Normal,,4
Purugly,71,82,64,64,59,112,452,Normal,,4
Chingling,45,30,50,65,50,45,285,Psychic,,4
Stunky,63,63,47,41,41,74,329,Poison,,4
Skuntank,103,93,67,71,61,84,479,Poison,,4
Bronzor,57,24,86,24,86,23,300,Steel,,4
Bronzong,67,89,116,79,116,33,500,Steel,,4
Bonsly,50,80,95,10,45,10,290,Rock,,4
Mime Jr.,20,25,45,70,90,60,310,Psychic,,4
Happiny,100,5,5,15,65,30,220,Normal,,4
Chatot,76,65,45,92,42,91,411,Normal,,4
Spiritomb,50,92,108,92,108,35,485,Ghost,,4
Gible,58,70,45,40,45,42,300,Dragon,,4
Gabite,68,90,65,50,55,82,410,Dragon,,4
Garchomp,108,130,95,80,85,102,600,Dragon,,4
Munchlax,135,85,40,40,85,5,390,Normal,,4
Riolu,40,70,40,35,40,60,285,Fighting,,4
Lucario,70,110,70,115,70,90,525,Fighting,,4
Hippopotas,68,72,78,38,42,32,330,Ground,,4
Hippowdon,108,112,118,68,72,47,525,Ground,,4
Skorupi,40,50,90,30,55,65,330,Poison,,4
Drapion,70,90,110,60,75,95,500,Poison,,4
Croagunk,48,61,40,61,40,50,300,Poison,,4
Toxicroak,83,106,65,86,65,85,490,Poison,,4
Carnivine,74,100,72,90,72,46,454,Grass,,4
Finneon,49,49,56,49,61,66,330,Water,,4
Lumineon,69,69,76,69,86,91,460,Water,,4
Mantyke,45,20,50,60,120,50,345,Water,,4
Snover,60,62,50,62,60,40,334,Ice,,4
Abomasnow,90,92,75,92,85,60,494,Ice,,4
Weavile,70,120,65,45,85,125,510,Dark,,4
Magnezone,70,70,115,130,90,60,535,Electric,,4
Lickilicky,110,85,95,80,95,50,515,Normal,,4
Rhyperior,115,140,130,55,55,40,535,Ground,,4
Tangrowth,100,100,125,110,50,50,535,Grass,,4
Electivire,75,123,67,95,85,95,540,Electric,,4
Magmortar,75,95,67,125,95,83,540,Fire,,4
Togekiss,85,50,95,120,115,80,545,Fairy,,4
Yanmega,86,76,86,116,56,95,515,Bug,,4
Leafeon,65,110,130,60,65,95,525,Grass,,4
Glaceon,65,60,110,130,95,65,525,Ice,,4
Gliscor,75,95,125,45,75,95,510,Ground,,4
Mamoswine,110,130,80,70,60,80,530,Ice,,4
Porygon-Z,85,80,70,135,75,90,535,Normal,,4
Gallade,68,125,65,65,115,80,518,Psychic,,4
Probopass,60,55,145,75,150,40,525,Rock,,4
Dusknoir,45,100,135,65,135,45,525,Ghost,,4
Froslass,70,80,70,80,70,110,480,Ice,,4
Rotom,50,50,77,95,77,91,440,Electric,,4
Uxie,75,75,130,75,130,95,580,Psychic,,4
Mesprit,80,105,105,105,105,80,580,Psychic,,4
Azelf,75,125,70,125,70,115,580,Psychic,,4
Dialga,100,120,120,150,100,90,680,Steel,,4
Palkia,90,120,100,150,120,100,680,Water,,4
Heatran,91,90,106,130,106,77,600,Fire,,4
Regigigas,110,160,110,80,110,100,670,Normal,,4
Giratina,150,100,120,100,120,90,680,Ghost,,4
Cresselia,120,70,110,75,120,85,580,Psychic,,4
Phione,80,80,80,80,80,80,480,Water,,4
Manaphy,100,100,100,100,100,100,600,Water,,4
Darkrai,70,90,90,135,90,125,600,Dark,,4
Shaymin,100,100,100,100,100,100,600,Grass,,4
Arceus,120,120,120,120,120,120,720,Normal,,4
Wormadam (S),60,79,105,59,85,36,424,Bug,Ground,4
Wormadam (T),60,69,95,69,95,36,424,Bug,Steel,4
Rotom (Heat),50,65,107,105,107,86,520,Electric,Fire,4
Rotom (Wash),50,65,107,105,107,86,520,Electric,Water,4
Rotom (Frost),50,65,107,105,107,86,520,Electric,Ice,4
Rotom (Spin),50,65,107,105,107,86,520,Electric,Flying,4
Rotom (Cut),50,65,107,105,107,86,520,Electric,Grass,4
Origin Dialga,100,100,120,150,120,90,680,Steel,Dragon,4
Origin Palkia,90,100,100,150,120,120,680,Water,Dragon,4
Origin Giratina,150,120,100,120,100,90,680,Ghost,Dragon,4
Shaymin (S),100,103,75,120,75,127,600,Grass,Flying,4
Mega Lopunny,65,136,94,54,96,135,580,Normal,Fighting,4
Mega Garchomp,108,170,115,120,95,92,700,Dragon,Ground,4
Mega Lucario,70,145,88,140,70,112,625,Fighting,Steel,4
Mega Abomasnow,90,132,105,132,105,30,594,Ice,Grass,4
Mega Gallade,68,165,95,65,115,110,618,Psychic,Fighting,4
Victini,100,100,100,100,100,100,600,Psychic,Fire,5
Snivy,45,45,55,45,55,63,308,Grass,,5
Servine,60,60,75,60,75,83,413,Grass,,5
Serperior,75,75,95,75,95,113,528,Grass,,5
Tepig,65,63,45,45,45,45,308,Fire,,5
Pignite,90,93,55,70,55,55,418,Fire,Fighting,5
Emboar,110,123,65,100,65,65,528,Fire,Fighting,5
Oshawott,55,55,45,63,45,45,308,Water,,5
Dewott,75,75,60,83,60,60,413,Water,,5
Samurott,95,100,85,108,70,70,528,Water,,5
Patrat,45,55,39,35,39,42,255,Normal,,5
Watchog,60,85,69,60,69,77,420,Normal,,5
Lillipup,45,60,45,25,45,55,275,Normal,,5
Herdier,65,80,65,35,65,60,370,Normal,,5
Stoutland,85,110,90,45,90,80,500,Normal,,5
Purrloin,41,50,37,50,37,66,281,Dark,,5
Liepard,64,88,50,88,50,106,446,Dark,,5
Pansage,50,53,48,53,48,64,316,Grass,,5
Simisage,75,98,63,98,63,101,498,Grass,,5
Pansear,50,53,48,53,48,64,316,Fire,,5
Simisear,75,98,63,98,63,101,498,Fire,,5
Panpour,50,53,48,53,48,64,316,Water,,5
Simipour,75,98,63,98,63,101,498,Water,,5
Munna,76,25,45,67,55,24,292,Psychic,,5
Musharna,116,55,85,107,95,29,487,Psychic,,5
Pidove,50,55,50,36,30,43,264,Normal,Flying,5
Tranquill,62,77,62,50,42,65,358,Normal,Flying,5
Unfezant,80,115,80,65,55,93,488,Normal,Flying,5
Blitzle,45,60,32,50,32,76,295,Electric,,5
Zebstrika,75,100,63,80,63,116,497,Electric,,5
Roggenrola,55,75,85,25,25,15,280,Rock,,5
Boldore,70,105,105,50,40,20,390,Rock,,5
Gigalith,85,135,130,60,80,25,515,Rock,,5
Woobat,65,45,43,55,43,72,323,Psychic,Flying,5
Swoobat,67,57,55,77,55,114,425,Psychic,Flying,5
Drilbur,60,85,40,30,45,68,328,Ground,,5
Excadrill,110,135,60,50,65,88,508,Ground,Steel,5
Audino,103,60,86,60,86,50,445,Normal,,5
Timburr,75,80,55,25,35,35,305,Fighting,,5
Gurdurr,85,105,85,40,50,40,405,Fighting,,5
Conkeldurr,105,140,95,55,65,45,505,Fighting,,5
Tympole,50,50,40,50,40,64,294,Water,,5
Palpitoad,75,65,55,65,55,69,384,Water,Ground,5
Seismitoad,105,95,75,85,75,74,509,Water,Ground,5
Throh,120,100,85,30,85,45,465,Fighting,,5
Sawk,75,125,75,30,75,85,465,Fighting,,5
Sewaddle,45,53,70,40,60,42,310,Bug,Grass,5
Swadloon,55,63,90,50,80,42,380,Bug,Grass,5
Leavanny,75,103,80,70,80,92,500,Bug,Grass,5
Venipede,30,45,59,30,39,57,260,Bug,Poison,5
Whirlipede,40,55,99,40,79,47,360,Bug,Poison,5
Scolipede,60,100,89,55,69,112,485,Bug,Poison,5
Cottonee,40,27,60,37,50,66,280,Grass,Fairy,5
Whimsicott,60,67,85,77,75,116,480,Grass,Fairy,5
Petilil,45,35,50,70,50,30,280,Grass,,5
Lilligant,70,60,75,110,75,90,480,Grass,,5
Red Basculin,70,92,65,80,55,98,460,Water,,5
Sandile,50,72,35,35,35,65,292,Ground,Dark,5
Krokorok,60,82,45,45,45,74,351,Ground,Dark,5
Krookodile,95,117,80,65,70,92,519,Ground,Dark,5
Darumaka,70,90,45,15,45,50,315,Fire,,5
Darmanitan,105,140,55,30,55,95,480,Fire,,5
Maractus,75,86,67,106,67,60,461,Grass,,5
Dwebble,50,65,85,35,35,55,325,Bug,Rock,5
Crustle,70,105,125,65,75,45,485,Bug,Rock,5
Scraggy,50,75,70,35,70,48,348,Dark,Fighting,5
Scrafty,65,90,115,45,115,58,488,Dark,Fighting,5
Sigilyph,72,58,80,103,80,97,490,Psychic,Flying,5
Yamask,38,30,85,55,65,30,303,Ghost,,5
Cofagrigus,58,50,145,95,105,30,483,Ghost,,5
Tirtouga,54,78,103,53,45,22,355,Water,Rock,5
Carracosta,74,108,133,83,65,32,495,Water,Rock,5
Archen,55,112,45,74,45,70,401,Rock,Flying,5
Archeops,75,140,65,112,65,110,567,Rock,Flying,5
Trubbish,50,50,62,40,62,65,329,Poison,,5
Garbodor,80,95,82,60,82,75,474,Poison,,5
Zorua,40,65,40,80,40,65,330,Dark,,5
Zoroark,60,105,60,120,60,105,510,Dark,,5
Minccino,55,50,40,40,40,75,300,Normal,,5
Ciccino,75,95,60,65,60,115,470,Normal,,5
Gothita,45,30,50,55,65,45,290,Psychic,,5
Gothorita,60,45,70,75,85,55,390,Psychic,,5
Gothitelle,70,55,95,95,110,65,490,Psychic,,5
Solosis,45,30,40,105,50,20,290,Psychic,,5
Duosion,65,40,50,125,60,30,370,Psychic,,5
Reuniclus,110,65,75,125,85,30,490,Psychic,,5
Ducklett,62,44,50,44,50,55,305,Water,Flying,5
Swanna,75,87,63,87,63,98,473,Water,Flying,5
Vanillite,36,50,50,65,60,44,305,Ice,,5
Vanillish,51,65,65,80,75,59,395,Ice,,5
Vanilluxe,71,95,85,110,95,79,535,Ice,,5
Deerling,60,60,50,40,50,75,335,Normal,Grass,5
Sawsbuck,80,100,70,60,70,95,475,Normal,Grass,5
Emolga,55,75,60,75,60,103,428,Electric,Flying,5
Karrablast,50,75,45,40,45,60,315,Bug,,5
Escavalier,70,135,105,60,105,20,495,Bug,Steel,5
Foongus,69,55,45,55,55,15,294,Grass,Poison,5
Amoonguss,114,85,70,85,80,30,464,Grass,Poison,5
Frillish,55,40,50,65,85,40,335,Water,Ghost,5
Jellicent,100,60,70,85,105,60,480,Water,Ghost,5
Alomomola,165,75,80,40,45,65,470,Water,,5
Joltik,50,47,50,57,50,65,319,Bug,Electric,5
Galvantula,70,77,60,97,60,108,472,Bug,Electric,5
Ferroseed,44,50,91,24,86,10,305,Grass,Steel,5
Ferrothorn,74,94,131,54,116,20,489,Grass,Steel,5
Klink,40,55,70,45,60,30,300,Steel,,5
Klang,60,80,95,70,85,50,440,Steel,,5
Klinklang,60,100,115,70,85,90,520,Steel,,5
Tynamo,35,55,40,45,40,60,275,Electric,,5
Eelektrik,65,85,70,75,70,40,405,Electric,,5
Eelektross,85,115,80,105,80,50,515,Electric,,5
Elgyem,55,55,55,85,55,30,335,Psychic,,5
Beheeyem,75,75,75,125,95,40,485,Psychic,,5
Litwick,50,30,55,65,55,20,275,Ghost,Fire,5
Lampent,60,40,60,95,60,55,370,Ghost,Fire,5
Chandelure,60,55,90,145,90,80,520,Ghost,Fire,5
Axew,46,87,60,30,40,57,320,Dragon,,5
Fraxure,66,117,70,40,50,67,410,Dragon,,5
Haxorus,76,147,90,60,70,97,540,Dragon,,5
Cubchoo,55,70,40,60,40,40,305,Ice,,5
Beartic,95,130,80,70,80,50,505,Ice,,5
Cryogonal,80,50,50,95,135,105,515,Ice,,5
Shelmet,50,40,85,40,65,25,305,Bug,,5
Accelgor,80,70,40,100,60,145,495,Bug,,5
Stunfisk,109,66,84,81,99,32,471,Ground,Electric,5
Mienfoo,45,85,50,55,50,65,350,Fighting,,5
Mienshao,65,125,60,95,60,105,510,Fighting,,5
Druddigon,77,120,90,60,90,48,485,Dragon,,5
Golett,59,74,50,35,50,35,303,Ground,Ghost,5
Golurk,89,124,80,55,80,55,483,Ground,Ghost,5
Pawniard,45,85,70,40,40,60,340,Dark,Steel,5
Bisharp,65,125,100,60,70,70,490,Dark,Steel,5
Bouffalant,95,110,95,40,95,55,490,Normal,,5
Rufflet,70,83,50,37,50,60,350,Normal,Flying,5
Braviary,100,123,75,57,75,80,510,Normal,Flying,5
Vullaby,70,55,75,45,65,60,370,Dark,Flying,5
Mandibuzz,110,65,105,55,95,80,510,Dark,Flying,5
Heatmor,85,97,66,105,66,65,484,Fire,,5
Durant,58,109,112,48,48,109,484,Bug,Steel,5
Deino,52,65,50,45,50,38,300,Dark,Dragon,5
Zweilous,72,85,70,65,70,58,420,Dark,Dragon,5
Hydreigon,92,105,90,125,90,98,600,Dark,Dragon,5
Larvesta,55,85,55,50,55,60,360,Bug,Fire,5
Volcarona,85,60,65,135,105,100,550,Bug,Fire,5
Cobalion,91,90,129,90,72,108,580,Steel,Fighting,5
Terrakion,91,129,90,72,90,108,580,Rock,Fighting,5
Virizion,91,90,72,90,129,108,580,Grass,Fighting,5
Tornadus,79,115,70,125,80,111,580,Flying,,5
Thundurus,79,115,70,125,80,111,580,Electric,Flying,5
Reshiram,100,120,100,150,120,90,680,Dragon,Fire,5
Zekrom,100,150,120,120,100,90,680,Dragon,Electric,5
Landorus,89,125,90,115,80,101,600,Ground,Flying,5
Kyurem,125,130,90,130,90,95,660,Dragon,Ice,5
Keldeo,91,72,90,129,90,108,580,Water,Fighting,5
Meloetta (A),100,77,77,128,128,90,600,Normal,Psychic,5
Genesect,71,120,95,120,95,99,600,Bug,Steel,5
Blue Basculin,70,92,65,80,55,98,460,Water,,5
Darmanitan (Z),105,30,105,140,105,55,540,Fire,Psychic,5
Therian Tornadus,79,100,80,110,90,121,580,Flying,,5
Therian Thundurus,79,105,70,145,80,101,580,Electric,Flying,5
Therian Landorus,89,145,90,105,80,91,600,Ground,Flying,5
Black Kyurem,125,170,100,120,90,95,700,Dragon,Ice,5
White Kyurem,125,120,90,170,100,95,700,Dragon,Ice,5
Meloetta (P),100,128,90,77,77,128,600,Normal,Fighting,5
H. Samurott,90,108,80,100,65,85,528,Water,Dark,5
H. Lilligant,70,105,75,50,75,105,480,Grass,Fighting,5
White Basculin,70,92,65,80,55,98,460,Water,,5
G. Darumaka,70,90,45,15,45,50,315,Ice,,5
G. Darmanitan,105,140,55,30,55,95,480,Ice,,5
G. Darmanitan (Z),105,160,55,30,55,135,540,Ice,Fire,5
G. Yamask,38,55,85,30,65,30,303,Ground,Ghost,5
H. Zorua,35,60,40,85,40,70,330,Normal,Ghost,5
H. Zoroark,55,100,60,125,60,110,510,Normal,Ghost,5
G. Stunfisk,109,81,99,66,84,32,471,Ground,Steel,5
H. Braviary,110,83,70,112,70,65,510,Psychic,Flying,5
Mega Audino,103,60,126,80,126,50,545,Normal,Fairy,5
Chespin,56,61,65,48,45,38,313,Grass,,6
Quilladin,61,78,95,56,58,57,405,Grass,,6
Chesnaught,88,107,122,74,75,64,530,Grass,Fighting,6
Fennekin,40,45,40,62,60,60,307,Fire,,6
Braixen,59,59,58,90,70,73,409,Fire,,6
Delphox,75,69,72,114,100,104,534,Fire,Psychic,6
Froakie,41,56,40,62,44,71,314,Water,,6
Frogadier,54,63,52,83,56,97,405,Water,,6
Greninja,72,95,67,103,71,122,530,Water,Dark,6
Bunnelby,38,36,38,32,36,57,237,Normal,,6
Diggersby,85,56,77,50,77,78,423,Normal,Ground,6
Fletchling,45,50,43,40,38,62,278,Normal,Flying,6
Fletchinder,62,73,55,56,52,84,382,Fire,Flying,6
Talonflame,78,81,71,74,69,126,499,Fire,Flying,6
Scatterbug,38,35,40,27,25,35,200,Bug,,6
Spewpa,45,22,60,27,30,29,213,Bug,,6
Vivillon,80,52,50,90,50,89,411,Bug,Flying,6
Litleo,62,50,58,73,54,72,369,Fire,Normal,6
Pyroar,86,68,72,109,66,106,507,Fire,Normal,6
Flabébé,44,38,39,61,79,42,303,Fairy,,6
Floette,54,45,47,75,98,52,371,Fairy,,6
Florges,78,65,68,112,154,75,552,Fairy,,6
Skiddo,66,65,48,62,57,52,350,Grass,,6
Gogoat,123,100,62,97,81,68,531,Grass,,6
Pancham,67,82,62,46,48,43,348,Fighting,,6
Pangoro,95,124,78,69,71,58,495,Fighting,Dark,6
Furfrou,75,80,60,65,90,102,472,Normal,,6
Espurr,62,48,54,63,60,68,355,Psychic,,6
Male Meowstic,74,48,76,83,81,104,466,Psychic,,6
Honedge,45,80,100,35,37,28,325,Steel,Ghost,6
Doublade,59,110,150,45,49,35,448,Steel,Ghost,6
S Aegislash,60,50,140,50,140,60,500,Steel,Ghost,6
Spritzee,78,52,60,63,65,23,341,Fairy,,6
Aromatisse,101,72,72,99,89,29,462,Fairy,,6
Swirlix,62,48,66,59,57,49,341,Fairy,,6
Slurpuff,82,80,86,85,75,72,480,Fairy,,6
Inkay,53,54,53,37,46,45,288,Dark,Psychic,6
Malamar,86,92,88,68,75,73,482,Dark,Psychic,6
Binacle,42,52,67,39,56,50,306,Rock,Water,6
Barbaracle,72,105,115,54,86,68,500,Rock,Water,6
Skrelp,50,60,60,60,60,30,320,Poison,Water,6
Dragalge,65,75,90,97,123,44,494,Poison,Dragon,6
Clauncher,50,53,62,58,63,44,330,Water,,6
Clawitzer,71,73,88,120,89,59,500,Water,,6
Helioptile,44,38,33,61,43,70,289,Electric,Normal,6
Heliolisk,62,55,52,109,94,109,481,Electric,Normal,6
Tyrunt,58,89,77,45,45,48,362,Rock,Dragon,6
Tyrantrum,82,121,119,69,59,71,521,Rock,Dragon,6
Amaura,77,59,50,67,63,46,362,Rock,Ice,6
Aurorus,123,77,72,99,92,58,521,Rock,Ice,6
Sylveon,95,65,65,110,130,60,525,Fairy,,6
Hawlucha,78,92,75,74,63,118,500,Fighting,Flying,6
Dedenne,67,58,57,81,67,101,431,Electric,Fairy,6
Carbink,50,50,150,50,150,50,500,Rock,Fairy,6
Goomy,45,50,35,55,75,40,300,Dragon,,6
Sliggoo,68,75,53,83,113,60,452,Dragon,,6
Goodra,90,100,70,110,150,80,600,Dragon,,6
Klefki,57,80,91,80,87,75,470,Steel,Fairy,6
Phantump,43,70,48,50,60,38,309,Grass,Ghost,6
Trevenant,85,110,76,65,82,56,474,Grass,Ghost,6
S Pumpkaboo,44,66,70,44,55,56,335,Grass,Ghost,6
Sm Gourgeist,55,85,122,58,75,99,494,Grass,Ghost,6
Bergmite,55,69,85,32,35,28,304,Ice,,6
Avalugg,95,117,184,44,46,28,514,Ice,,6
Noibat,40,30,35,45,40,55,245,Flying,Dragon,6
Noivern,85,70,80,97,80,123,535,Flying,Dragon,6
Xerneas,126,131,95,131,98,99,680,Fairy,,6
Yveltal,126,131,95,131,98,99,680,Dark,Flying,6
Zygarde 50%,108,100,121,81,95,95,600,Dragon,Ground,6
Diancie,50,100,150,100,150,50,600,Rock,Fairy,6
Hoopa (C),80,110,60,150,130,70,600,Psychic,Ghost,6
Volcanion,80,110,120,130,90,70,600,Fire,Water,6
BB Greninja,72,95,67,103,71,122,530,Water,Dark,6
Ash Greninja,72,145,67,153,71,132,640,Water,Dark,6
Eternal Floette,74,65,67,125,128,92,551,Fairy,,6
F Meowstic,74,48,76,83,81,104,466,Psychic,,6
B Aegislash,60,140,50,140,50,60,500,Ghost,Steel,6
A Pumpkaboo,49,66,70,44,55,51,335,Ghost,Grass,6
L Pumpkaboo,54,66,70,44,55,46,335,Ghost,Grass,6
SS Pumpkaboo,59,66,70,44,55,41,335,Ghost,Grass,6
A Gourgeist,65,90,122,58,75,84,494,Ghost,Grass,6
L Gourgeist,75,95,122,58,75,69,494,Ghost,Grass,6
SS Gourgeist,85,100,122,58,75,54,494,Ghost,Grass,6
Zygarde 10%,54,100,71,61,85,115,486,Ground,Dragon,6
Zygarde 100%,216,100,121,91,95,85,708,Ground,Dragon,6
Hoopa (U),80,160,60,170,130,80,680,Psychic,Dark,6
Rowlet,68,55,55,50,50,42,320,Grass,Flying,7
Dartrix,78,75,75,70,70,52,420,Grass,Flying,7
Decidueye,78,107,75,100,100,70,530,Grass,Ghost,7
Litten,45,65,40,60,40,70,320,Fire,,7
Torracat,65,85,50,80,50,90,420,Fire,,7
Incineroar,95,115,90,80,90,60,530,Fire,Dark,7
Popplio,50,54,54,66,56,40,320,Water,,7
Brionne,60,69,69,91,81,50,420,Water,,7
Primarina,80,74,74,126,116,60,530,Water,Fairy,7
Pikipek,35,75,30,30,30,65,265,Normal,Flying,7
Trumbeak,55,85,50,40,50,75,355,Normal,Flying,7
Toucannon,80,120,75,75,75,60,485,Normal,Flying,7
Yungoos,48,70,30,30,30,45,253,Normal,,7
Gumshoos,88,110,60,55,60,45,418,Normal,,7
Grubbin,47,62,45,55,45,46,300,Bug,,7
Charjabug,57,82,95,55,75,36,400,Bug,,7
Vikavolt,77,70,90,145,75,43,500,Bug,Electric,7
Crabrawler,47,82,57,42,47,63,338,Fighting,,7
Crabominable,97,132,77,62,67,43,478,Fighting,Ice,7
Pom Oricorio,75,70,70,98,70,93,476,Electric,Flying,7
Cutiefly,40,45,40,55,40,84,304,Bug,Fairy,7
Ribombee,60,55,60,95,70,124,464,Bug,Fairy,7
Rockruff,45,65,40,30,40,60,280,Rock,,7
Day Lycanroc,75,115,65,55,65,112,487,Rock,,7
Wishiwashi,45,20,20,25,25,40,175,Water,,7
Mareanie,50,53,62,43,52,45,305,Poison,Water,7
Toxapex,50,63,152,53,142,35,495,Poison,Water,7
Mudbray,70,100,70,45,55,45,385,Ground,,7
Mudsdale,100,125,100,55,85,35,500,Ground,,7
Dewpider,38,40,52,40,72,27,269,Water,Bug,7
Araquanid,68,70,92,50,132,42,454,Water,Bug,7
Fomantis,40,55,35,50,35,35,250,Grass,,7
Lurantis,70,105,90,80,90,45,480,Grass,,7
Morelull,40,35,55,65,75,15,285,Grass,Fairy,7
Shiinotic,60,45,80,90,100,30,405,Grass,Fairy,7
Salandit,48,44,40,71,40,77,320,Poison,Fire,7
Salazzle,68,64,60,111,60,117,480,Poison,Fire,7
Stufful,70,75,50,45,50,50,340,Normal,Fighting,7
Bewear,120,125,80,55,60,60,500,Normal,Fighting,7
Bounsweet,42,30,38,30,38,32,210,Grass,,7
Steenee,52,40,48,40,48,62,290,Grass,,7
Tsareena,72,120,98,50,98,72,510,Grass,,7
Comfey,51,52,90,82,110,100,485,Fairy,,7
Oranguru,90,60,80,90,110,60,490,Normal,Psychic,7
Passimian,100,120,90,40,60,80,490,Fighting,,7
Wimpod,25,35,40,20,30,80,230,Bug,Water,7
Golisopod,75,125,140,60,90,40,530,Bug,Water,7
Sandygast,55,55,80,70,45,15,320,Ghost,Ground,7
Palossand,85,75,110,100,75,35,480,Ghost,Ground,7
Pyukumuku,55,60,130,30,130,5,410,Water,,7
Type: Null,95,95,95,95,95,59,534,Normal,,7
Silvally,95,95,95,95,95,95,570,Normal,,7
Minior,60,60,100,60,100,60,440,Rock,Flying,7
Komala,65,115,65,75,95,65,480,Normal,,7
Turtonator,60,78,135,91,85,36,485,Fire,Dragon,7
Togedemaru,65,98,63,40,73,96,435,Electric,Steel,7
Mimikyu,55,90,80,50,105,96,476,Ghost,Fairy,7
Bruxish,68,105,70,70,70,92,475,Water,Psychic,7
Drampa,78,60,85,135,91,36,485,Normal,Dragon,7
Dhelmise,70,131,100,86,90,40,517,Ghost,Grass,7
Jangmo-o,45,55,65,45,45,45,300,Dragon,Fighting,7
Hakamo-o,55,75,90,65,70,65,420,Dragon,Fighting,7
Kommo-o,75,110,125,100,105,85,600,Dragon,Fighting,7
Tapu Koko,70,115,85,95,75,130,570,Electric,Fairy,7
Tapu Lele,70,85,75,130,115,95,570,Psychic,Fairy,7
Tapu Bulu,70,130,115,85,95,75,570,Grass,Fairy,7
Tapu Fini,70,75,115,95,130,85,570,Water,Fairy,7
Cosmog,43,29,31,29,31,37,200,Psychic,,7
Cosmoem,43,29,131,29,131,37,400,Psychic,,7
Solgaleo,137,137,107,113,89,97,680,Psychic,Steel,7
Lunala,137,113,89,137,107,97,680,Psychic,Ghost,7
Nihilego,109,53,47,127,131,103,570,Rock,Poison,7
Buzzwole,107,139,139,53,53,79,570,Bug,Fighting,7
Pheromosa,71,137,37,137,37,151,570,Bug,Fighting,7
Xurkitree,83,89,71,173,71,83,570,Electric,,7
Celesteela,97,101,103,107,101,61,570,Steel,Flying,7
Kartana,59,181,131,59,31,109,570,Grass,Steel,7
Guzzlord,223,101,53,97,53,43,570,Dragon,Dark,7
Necrozma,97,107,101,127,89,79,600,Psychic,,7
Magearna,80,95,115,130,115,65,600,Steel,Fairy,7
Marshadow,90,125,80,90,90,125,600,Fighting,Ghost,7
Poipole,67,73,67,73,67,73,420,Poison,,7
Naganadel,73,73,73,127,73,121,540,Poison,Dragon,7
Stakataka,61,131,211,53,101,13,570,Rock,Steel,7
Blacephalon,53,127,53,151,79,107,570,Fire,Ghost,7
Zerora,88,112,75,102,80,143,600,Electric,,7
Meltan,46,65,65,55,35,34,300,Steel,,7
Melmetal,135,143,143,80,65,34,600,Steel,,7
Baile Oricorio,75,70,70,98,70,93,476,Fire,Flying,7
Pa'u Oricorio,75,70,70,98,70,93,476,Psychic,Flying,7
Sen. Oricorio,75,70,70,98,70,93,476,Ghost,Flying,7
Dusk Rockruff,45,65,40,30,40,60,280,Rock,,7
Midnight Lycanroc,85,115,75,55,75,82,487,Rock,,7
Dusk Lycanroc,75,117,65,55,65,110,487,Rock,,7
S Wishiwashi,45,140,130,140,135,30,620,Water,,7
Minior Core,60,100,60,100,60,120,500,Rock,Flying,7
DM Necrozma,97,157,127,113,109,77,680,Psychic,Steel,7
DW Necrozma,97,113,109,157,127,77,680,Psychic,Ghost,7
U Necrozma,97,167,97,167,97,129,754,Psychic,Dragon,7
Grookey,50,65,50,40,40,65,310,Grass,,8
Thwackey,70,85,70,55,60,80,420,Grass,,8
Rillaboom,100,125,90,60,70,85,530,Grass,,8
Scorbunny,50,71,40,40,40,69,310,Fire,,8
Raboot,65,86,60,55,60,94,420,Fire,,8
Cinderace,80,116,75,65,75,119,530,Fire,,8
Sobble,50,40,40,70,40,70,310,Water,,8
Drizzile,65,60,55,95,55,90,420,Water,,8
Inteleon,70,85,65,125,65,120,530,Water,,8
Skwovet,70,55,55,35,35,25,275,Normal,,8
Greedent,120,95,95,55,75,20,460,Normal,,8
Rookidee,38,47,35,33,35,57,245,Flying,,8
Corvisquire,68,67,55,43,55,77,365,Flying,,8
Corviknight,98,87,105,53,85,67,495,Flying,Steel,8
Blipibug,25,20,20,25,45,45,180,Bug,,8
Dottler,50,35,80,50,90,30,335,Bug,,8
Orbeetle,60,45,110,80,120,90,505,Bug,Psychic,8
Nickit,40,28,28,47,52,50,245,Dark,,8
Theivul,70,58,58,87,92,90,455,Dark,,8
Gossifleur,40,40,60,40,60,10,250,Grass,,8
Eldegoss,60,50,90,80,120,60,460,Grass,,8
Wooloo,42,40,55,40,45,48,270,Normal,,8
Dubwool,72,80,100,60,90,88,490,Normal,,8
Chewtle,50,64,50,38,38,44,284,Water,,8
Drednaw,90,115,90,48,68,74,485,Water,Rock,8
Yamper,59,45,50,40,50,26,270,Electric,,8
Boltund,69,90,60,90,60,121,490,Electric,,8
Rolycoly,30,40,50,40,50,30,240,Rock,,8
Carkol,80,60,90,60,70,50,410,Rock,Fire,8
Coalossal,110,80,120,80,90,30,510,Rock,Fire,8
Applin,40,40,80,40,40,20,260,Grass,Dragon,8
Flapple,70,110,80,95,60,70,485,Grass,Dragon,8
Applerun,110,85,80,100,80,30,485,Grass,Dragon,8
Silicobra,52,57,75,35,50,46,315,Ground,,8
Sandaconda,72,107,125,65,70,71,510,Ground,,8
Cramorant,70,85,55,85,95,85,475,Flying,Water,8
Arrokuda,41,63,40,40,30,66,280,Water,,8
Barraskewda,61,123,60,60,50,136,490,Water,,8
Toxel,40,38,35,54,35,40,242,Electric,Poison,8
Toxtricity A,75,98,70,114,70,75,502,Electric,Poison,8
Sizzlipede,50,65,45,50,50,45,305,Fire,Bug,8
Centiskorch,100,115,65,90,90,65,525,Fire,Bug,8
Clobbopus,50,68,60,50,50,32,310,Fighting,,8
Grapploct,80,118,90,70,80,42,480,Fighting,,8
Sinistea,40,45,45,74,54,50,308,Ghost,,8
Polteageist,60,65,65,134,114,70,508,Ghost,,8
Hatenna,42,30,45,56,53,39,265,Psychic,,8
Hattrem,57,40,65,86,73,49,370,Psychic,,8
Hatterene,57,90,95,136,103,29,510,Psychic,Fairy,8
Impidimp,45,45,30,55,40,50,265,Dark,Fairy,8
Morgrem,65,60,45,75,55,70,370,Dark,Fairy,8
Grimmsnarl,95,120,65,95,75,60,510,Dark,Fairy,8
Obstagoon,93,90,101,60,81,95,520,Dark,Normal,8
Perrserker,70,110,100,50,60,50,440,Steel,,8
Cursola,60,95,50,145,130,30,510,Ghost,,8
Sirfetch'd,62,135,95,68,82,65,507,Fighting,,8
Mr. Rime,80,85,75,110,100,70,520,Ice,Fairy,8
Runerigus,58,95,145,50,105,30,483,Ground,Ghost,8
Milcrey,45,40,40,50,61,34,270,Fairy,,8
Alcremie,65,60,75,110,121,64,495,Fairy,,8
Falinks,65,100,100,70,60,75,470,Fighting,,8
Pinurchin,48,101,95,91,85,15,435,Electric,,8
Snom,30,25,35,45,30,20,185,Ice,Bug,8
Frosmoth,70,65,60,125,90,65,475,Ice,Bug,8
Stonjourner,100,125,135,20,20,70,470,Rock,,8
Eiscue,75,80,110,65,90,50,470,Ice,,8
M Indeedee,60,65,55,105,95,95,475,Psychic,,8
Morpeko,58,95,58,70,58,97,436,Electric,Dark,8
Cufant,72,80,49,40,49,40,330,Steel,,8
Copperajah,122,130,69,80,69,30,500,Steel,,8
Dracozolt,90,100,90,80,70,75,505,Electric,Dragon,8
Arctozolt,90,100,90,90,80,55,505,Electric,Ice,8
Dracovish,90,90,100,70,80,75,505,Water,Dragon,8
Arctovish,90,90,100,80,90,55,505,Water,Ice,8
Duraludon,70,95,115,120,50,85,535,Steel,Dragon,8
Dreepy,28,60,30,40,30,82,270,Dragon,Ghost,8
Drakloak,68,80,50,60,50,102,410,Dragon,Ghost,8
Dragapult,88,120,75,100,75,142,600,Dragon,Ghost,8
Zacian (H),92,120,115,80,115,138,660,Fairy,,8
Zamazenta (H),92,120,115,80,115,138,660,Fighting,,8
Eternatus,140,85,95,145,95,130,690,Poison,Dragon,8
Kubfu,60,90,60,53,50,72,385,Fighting,,8
Urshifu SS,100,130,100,63,60,97,550,Fighting,Dark,8
Zarude,105,120,105,70,95,105,600,Grass,,8
Regieleki,80,100,50,100,50,200,580,Electric,,8
Regidrago,200,100,50,100,50,80,580,Dragon,,8
Glastrier,100,145,130,65,110,30,580,Ice,,8
Spectrier,100,65,60,145,80,130,580,Ghost,,8
Calyrex,100,80,80,80,80,80,500,Grass,Psychic,8
Wyrdeer,103,105,72,105,75,65,525,Normal,Psychic,8
Kleavor,70,130,95,45,75,85,500,Bug,Rock,8
Ursaluna,130,140,105,45,80,50,550,Normal,Ground,8
MBasculegion,120,112,65,80,75,78,530,Water,Ghost,8
Sneasler,80,130,60,40,80,120,510,Poison,Fighting,8
Overqwil,85,115,95,65,65,85,510,Poison,Dark,8
Enamorus,74,115,70,135,80,106,580,Fairy,Flying,8
Toxtricity Low,75,98,70,114,70,75,502,Poison,Electric,8
Eiscue No Ice,75,80,70,65,50,130,470,Ice,,8
F Indeedee,70,55,65,95,105,85,475,Psychic,Normal,8
Zacian Crowned,92,150,115,80,115,148,700,Fairy,Steel,8
Zamazenta Crowned,92,120,140,80,140,128,700,Fighting,Steel,8
Eternamax,255,115,250,125,250,130,1125,Poison,Dragon,8
RS Urshifu,100,130,100,63,60,97,550,Water,Fighting,8
SR Calyrex,100,85,80,165,100,150,680,Psychic,Ghost,8
IR Calyrex,100,165,150,85,130,50,680,Psychic,Ice,8
FBasculegion,120,92,65,100,75,78,530,Water,Ghost,8
T Enamorous,74,115,110,135,100,46,580,Fairy,Flying,8
Sprigatito,40,61,54,45,45,65,310,Grass,,9
Floragato,61,80,63,60,63,83,410,Grass,,9
Meowscarada,76,110,70,81,70,123,530,Grass,Dark,9
Fuecoco,67,45,59,63,43,36,313,Fire,,9
Crocalor,81,55,78,90,58,49,411,Fire,,9
Skeledirge,104,75,100,100,76,66,521,Fire,Ghost,9
Quaxly,55,65,45,50,45,50,310,Water,,9
Quaxwell,70,85,65,65,60,65,410,Water,,9
Quaquaval,85,120,80,85,75,85,530,Water,Fighting,9
Lechonk,54,45,40,35,45,35,254,Normal,,9
Oinkologne-M,110,100,75,59,80,65,489,Normal,,9
Tarountula,35,41,45,29,40,20,210,Bug,,9
Spidops,60,79,92,52,86,35,404,Bug,,9
Nymble,33,46,40,21,25,45,210,Bug,,9
Lokix,71,102,78,52,55,92,450,Bug,Dark,9
Pawmi,45,50,20,40,25,60,240,Electric,,9
Pawmot,60,75,40,50,40,85,350,Electric,Fighting,9
Pawmot,70,115,70,70,60,105,490,Electric,Fighting,9
Tandemaus,50,50,45,40,45,75,305,Normal,,9
Maushold,74,75,70,65,75,111,470,Normal,,9
Fidough,37,55,70,30,55,65,312,Fairy,,9
Dashbun,57,80,115,50,80,95,477,Fairy,,9
Smoliv,41,35,45,58,51,30,260,Grass,Normal,9
Dolliv,52,53,60,78,78,33,354,Grass,Normal,9
Arboliva,78,69,90,125,109,39,510,Grass,Normal,9
Squawkabilly,82,96,51,45,51,92,417,Normal,Flying,9
Nacli,55,55,75,35,35,28,283,Rock,,9
Naclstack,60,60,100,35,65,35,355,Rock,,9
Gargancl,100,100,130,45,90,35,500,Rock,,9
Charcadet,40,50,40,50,40,35,255,Fire,,9
Armarouge,85,60,100,125,80,75,525,Fire,Psychic,9
Ceruledge,75,125,80,60,100,85,525,Fire,Ghost,9
Tadbulb,61,31,41,59,35,45,272,Electric,,9
Bellibolt,109,64,91,103,83,45,495,Electric,,9
Wattrel,40,40,35,55,40,70,280,Flying,Electric,9
Kilowattrel,70,70,60,105,60,125,490,Flying,Electric,9
Maschiff,60,78,60,40,51,51,340,Dark,,9
Mabosstiff,80,120,90,60,70,85,505,Dark,,9
Shroodle,40,65,35,40,35,75,290,Poison,Normal,9
Grafaiai,63,95,65,80,72,110,485,Poison,Normal,9
Bramblin,40,65,30,45,35,60,275,Grass,Ghost,9
Brambleghast,55,115,70,80,70,90,480,Grass,Ghost,9
Toedscool,40,40,35,50,100,70,335,Grass,Ground,9
Toedscruel,80,70,65,80,120,100,515,Grass,Ground,9
Klawf,70,100,115,35,35,25,380,Rock,,9
Capsakid,50,62,40,62,40,50,304,Grass,Fire,9
Scovillain,65,108,65,108,65,75,486,Grass,Fire,9
Rellor,41,50,60,31,58,30,270,Bug,,9
Rabsca,75,50,85,115,100,45,470,Bug,Psychic,9
Flittle,30,35,30,55,30,75,255,Psychic,,9
Espathra,75,60,60,101,60,105,461,Psychic,,9
Tinkatink,50,45,45,35,64,58,297,Fairy,Steel,9
Tinkatuff,65,55,55,45,82,78,380,Fairy,Steel,9
Tinkaton,85,75,77,70,105,94,506,Fairy,Steel,9
Wiglett,10,55,25,35,25,95,245,Water,,9
Wugtrio,35,100,50,50,70,120,425,Water,,9
Bombirdier,70,103,85,60,85,82,485,Flying,Dark,9
Finizen,70,45,40,45,40,75,315,Water,,9
Palafin,100,70,72,53,62,100,457,Water,,9
Varoom,45,70,63,30,45,47,300,Poison,Steel,9
Revaroom,80,119,90,54,67,90,500,Poison,Steel,9
Cyclizar,70,95,65,85,65,121,501,Dragon,Normal,9
Orthworm,70,85,145,60,55,65,480,Steel,,9
Glimmet,48,35,42,105,60,60,350,Poison,Rock,9
Glimmora,83,55,90,130,81,86,525,Poison,Rock,9
Greavard,50,61,60,30,55,34,290,Ghost,,9
Houndstone,72,101,100,50,97,68,488,Ghost,,9
Flamigo,82,115,74,75,64,90,500,Flying,Fighting,9
Cetoddle,108,68,45,30,40,43,334,Ice,,9
Cetitan,170,113,65,45,55,73,521,Ice,,9
Veluza,90,102,73,78,65,70,478,Water,Psychic,9
Dondozo,150,100,115,65,65,35,530,Water,,9
Tatsugiri,68,50,60,120,95,82,475,Dragon,Water,9
Annihilape,110,115,80,50,90,90,535,Fighting,Ghost,9
Clodsire,130,75,60,45,100,20,430,Poison,Ground,9
Farigaraf,120,90,70,110,70,60,520,Normal,Psychic,9
Dudunsparce,125,100,80,85,75,55,520,Normal,,9
Kingambit,100,135,120,60,85,50,550,Dark,Steel,9
Great Tusk,115,131,131,53,53,87,570,Ground,Fighting,9
Scream Tail,115,65,99,65,115,111,570,Fairy,Psychic,9
Brute Bonnet,111,127,99,79,99,55,570,Grass,Dark,9
Flutter Mane,55,55,55,135,135,135,570,Ghost,Fairy,9
Slither Wing,85,135,79,85,105,81,570,Bug,Fighting,9
Sandy Shocks,85,81,97,121,85,101,570,Electric,Ground,9
Iron Treads,90,112,120,72,70,106,570,Ground,Steel,9
Iron Bundle,56,80,114,124,60,136,570,Ice,Water,9
Iron Hands,154,140,108,50,68,50,570,Fighting,Electric,9
Iron Jugulis,94,80,86,122,80,108,570,Dark,Flying,9
Iron Moth,80,70,60,140,110,110,570,Fire,Poison,9
Iron Thorns,100,134,110,70,84,72,570,Rock,Electric,9
Frigibax,65,75,45,35,45,55,320,Dragon,Ice,9
Arctibax,90,95,66,45,65,62,423,Dragon,Ice,9
Baxcalibur,115,145,92,75,86,87,600,Dragon,Ice,9
Gimmighoul (Chest),45,30,70,75,70,10,300,Ghost,,9
Gholdengo,87,60,95,133,91,84,550,Ghost,Steel,9
Wo-Chien,85,85,100,95,165,70,600,Dark,Grass,9
Chien-Pao,80,120,80,90,65,135,570,Dark,Ice,9
Ting-Lu,155,110,125,55,80,45,570,Dark,Ground,9
Chi-Yu,55,80,80,135,120,100,570,Dark,Fire,9
Roaring Moon,105,139,71,55,101,119,590,Dragon,Dark,9
Iron Valiant,74,130,90,120,60,116,590,Fighting,Fairy,9
Koraidon,100,135,115,85,100,135,670,Fighting,Dragon,9
Miraidon,100,85,100,135,115,135,670,Electric,Dragon,9
Walking Wake,99,83,91,125,83,109,590,Water,Dragon,9
Iron Leaves,90,130,88,70,108,104,590,Grass,Psychic,9
Oinkologne-F,115,90,70,59,90,65,489,Normal,,9
Palafin - Hero,100,160,97,106,87,100,650,Water,,9
Squawkabilly,82,96,51,45,51,92,417,Normal,Flying,9
Gimmighoul - Roaming,45,30,25,75,45,80,300,Ghost,,9
H. Sliggoo,58,75,83,83,113,40,452,Dragon,Steel,8
H. Goodra,80,100,100,110,150,60,600,Dragon,Steel,8
H. Avalugg,95,127,184,34,36,38,514,Ice,Rock,8
Mega Diance,50,160,110,160,110,110,700,Rock,Fairy,6
H. Decidueye,88,112,80,95,95,60,530,Grass,Fighting,8
,,,,,,,,,,
,,,,,,,,,,